{
  "data": [
    {
      "name": "garige",
      "position": "Software Engineer",
      "office": "asdvskdvm",
      "age": 20,
      "startDate": "2021-05-01",
      "salary": 222,
      "id": 5
    },
    {
      "name": "Srisylam",
      "position": "GSM Updated",
      "office": "GSM Updated ",
      "age": 25,
      "startDate": "1984-06-20",
      "salary": 30000,
      "id": 6
    },
    {
      "name": "Kalyan",
      "position": "software Engineer",
      "office": "Kelltontech",
      "age": 235,
      "startDate": "0022-02-22",
      "salary": 2522,
      "id": 7
    },
    {
      "name": "asd",
      "position": "asdf",
      "office": "asdf",
      "age": 22,
      "startDate": "22222-02-22",
      "salary": 2222,
      "id": 8
    },
    {
      "name": null,
      "position": null,
      "office": null,
      "age": null,
      "startDate": null,
      "salary": null,
      "id": 9
    }
  ]
}